State,County,O3-AQI,CO-AQI,NO2-AQI,SO2-AQI,total
California,Los Angeles,4194094.0,793595.1666666667,3073185.1666666665,106433.0,8167307.333333334
California,San Bernardino,4674053.833333332,197373.5,1438017.5,58665.0,6368109.833333332
Arizona,Maricopa,4152857.7194444607,293328.82500000077,654465.6166666668,50386.83333333336,5151038.994444462
California,Riverside,3681548.166666663,185017.5,906340.5,16212.5,4789118.666666662
Nevada,Clark,2992254.705555557,229032.92380952393,580096.5166666666,22949.0,3824333.1460317476
California,Kern,3050458.0,47915.5,717255.6666666667,1000.0,3816629.166666667
California,San Diego,2344708.749999998,195881.8333333326,1024908.3333333345,61160.5,3626659.416666665
California,Santa Barbara,2660254.333333333,125466.0,530949.0,41089.5,3357758.833333333
Illinois,Cook,1604429.9857142856,201985.0,932185.8333333335,396557.1666666666,3135157.9857142856
California,Fresno,1739422.583333332,131770.41666666674,631786.3333333337,7717.0,2510696.3333333326
Texas,Harris,1534230.43921539,66110.49999999991,715528.9714285725,82257.2333333327,2398127.1439772956
California,Ventura,1936066.0,20853.0,392566.0,6587.0,2356072.0
California,San Luis Obispo,1566749.0,21048.0,327003.0,91998.5,2006798.5
Pennsylvania,Allegheny,788674.0,52842.5,316031.9999999999,838737.6666666677,1996286.1666666677
California,Sacramento,1241120.8833333324,147510.3333333334,500556.33333333256,28817.0,1918004.5499999984
California,Orange,1114660.0,199255.5,574770.0,16173.0,1904858.5
Alabama,Jefferson,1441909.0,135652.66666666683,43961.0,111569.0,1733091.6666666667
Texas,Tarrant,1208689.5,61466.0,454136.0,0.0,1724291.5
California,Contra Costa,898144.0,134255.0,449462.0,208818.0,1690679.0
California,Imperial,1163764.0,109899.5,324154.0,15432.0,1613249.5
Nevada,Washoe,1168981.0333333302,162252.6666666667,161228.0,2586.0,1495047.699999997
Arizona,Pima,1239074.033333334,45504.983333333366,182641.0,17219.5,1484439.5166666673
Arizona,Pinal,1448630.0,0.0,5623.0,7578.0,1461831.0
Florida,Hillsborough,970418.5,85254.0,186279.0,212439.6666666665,1454391.1666666665
Utah,Salt Lake,766708.6666666665,121051.0,413296.16666666657,150703.8333333333,1451759.6666666663
Colorado,Jefferson,1377476.0,23277.0,24442.0,0.0,1425195.0
California,Tulare,1197135.0,20653.0,184524.0,0.0,1402312.0
California,Placer,1214725.5,15508.0,163985.0,0.0,1394218.5
California,Alameda,808670.0,119485.99999999987,446794.0000000003,16416.0,1391366.0000000002
Texas,Jefferson,967160.8333333309,11427.0,231015.0,181103.5,1390706.333333331
Pennsylvania,Washington,675191.0,21293.0,274711.0,380789.0,1351984.0
Missouri,Saint Louis,615851.0,42106.0,421366.0,228959.0,1308282.0
Hawaii,Hawaii,29837.0,0.0,0.0,1274044.0,1303881.0
Virginia,Fairfax,762367.0,100105.0,262450.0,162556.0,1287478.0
Illinois,Madison,1000951.5,3432.0,0.0,247393.0,1251776.5
New Mexico,Bernalillo,953316.7000000002,83024.49999999999,192901.5,3237.0,1232479.7000000002
Country Of Mexico,BAJA CALIFORNIA NORTE,488377.3999999997,221494.8833333336,396693.9999999992,99621.41666666667,1206187.699999999
Ohio,Hamilton,695935.0,57633.5,265502.66666666674,179897.0,1198968.1666666667
Oklahoma,Tulsa,883366.5,44418.5,156085.0,103003.66666666656,1186873.6666666665
California,Santa Clara,896530.0,65233.5,209077.5,4367.0,1175208.0
Connecticut,Fairfield,748228.0,84926.0,159707.0,175581.5,1168442.5
New Mexico,San Juan,726068.8333333317,2460.0,312306.333333333,119056.0,1159891.1666666646
Florida,Pinellas,779833.0,68473.5,113232.5,182764.0,1144303.0
Ohio,Cuyahoga,581574.1666666667,61351.116666666814,225625.5,209910.41666666648,1078461.2
Florida,Broward,659700.0,128395.0,215661.0,33574.0,1037330.0
Arizona,Gila,265907.0,0.0,2759.0,724071.0,992737.0
Michigan,Wayne,394330.5,102621.08333333343,283393.2500000002,182423.98690476193,962768.8202380955
Indiana,Marion,496865.0833333339,124354.66666666673,166153.16666666666,169038.0000000005,956410.9166666677
Pennsylvania,Beaver,458623.0,14098.0,159791.0,309875.0,942387.0
New York,Suffolk,757426.5,12304.0,96923.0,70807.0,937460.5
California,Stanislaus,631525.0,79165.0,213589.0,0.0,924279.0
California,Shasta,920960.0,0.0,0.0,0.0,920960.0
Louisiana,East Baton Rouge,567833.0,39629.0,241576.0,70114.0,919152.0
Ohio,Butler,734244.0,0.0,0.0,181825.5000000007,916069.5000000007
Tennessee,Sullivan,470005.0,43613.0,138236.0,257416.3333333333,909270.3333333333
Indiana,Lake,473519.0,61589.0,181270.0,188117.0,904495.0
Louisiana,Calcasieu,730855.0,0.0,93471.0,74000.0,898326.0
California,Monterey,755231.0,35962.0,97359.0,0.0,888552.0
Utah,Utah,572227.0,72330.0,238891.0,0.0,883448.0
California,Solano,664160.5,54311.0,140605.0,21195.0,880271.5
California,San Joaquin,525576.5,43579.0,295978.0,0.0,865133.5
Delaware,New Castle,387226.74999999936,63118.0,157739.0,250569.0,858652.7499999993
New York,Erie,281301.0,43950.0,319182.0,210507.0,854940.0
Maryland,Prince George's,754457.0,13187.0,60277.0,18731.0,846652.0
Colorado,Denver,355604.6000000001,78244.49999999997,323145.91666666645,88477.5,845472.5166666666
California,El Dorado,772484.1666666667,24398.0,43118.0,0.0,840000.1666666667
Massachusetts,Essex,594888.0,8155.0,209387.5,22112.0,834542.5
West Virginia,Hancock,199174.0,49373.5,0.0,576095.2166666662,824642.7166666662
New Jersey,Camden,506485.0,42866.0,158412.0,94345.0,802108.0
South Carolina,Richland,534366.3333333333,34523.0,124359.0,104873.0,798121.3333333333
Oklahoma,Oklahoma,593835.0,41906.5,144305.3333333333,16172.0,796218.8333333333
Utah,Weber,466353.0,90830.0,233378.0,0.0,790561.0
Maryland,Baltimore,474766.5,36132.0,205602.0,62324.0,778824.5
Connecticut,New Haven,397287.0,38624.0,236482.0,104754.0,777147.0
New Mexico,Dona Ana,625333.5142857137,23244.5,121946.33333333337,6175.0,776699.347619047
Ohio,Lake,410699.0,49957.0,0.0,309369.0,770025.0
Pennsylvania,Northampton,420619.0,20244.0,150382.0,172723.0,763968.0
North Carolina,Mecklenburg,484294.0,47426.166666666664,165761.5,62686.0,760167.6666666666
Florida,Escambia,581729.0,0.0,56139.0,120804.0,758672.0
Ohio,Stark,671703.0,46194.0,0.0,37298.0,755195.0
Tennessee,Shelby,515334.5,47370.350000000064,95169.0,95017.5,752891.3500000001
New Jersey,Hudson,227385.0,85263.0,262402.0,170849.0,745899.0
Florida,Orange,536485.0,73014.0,118409.0,14728.0,742636.0
California,Kings,618031.0,0.0,123615.0,0.0,741646.0
Louisiana,Iberville,568881.5,0.0,165233.0,0.0,734114.5
Florida,Miami-Dade,531578.5,71350.49999999999,119969.3333333334,4981.0,727879.3333333334
California,Nevada,713403.0,0.0,9425.0,0.0,722828.0
Colorado,El Paso,580332.0,62421.3,33813.33333333334,42558.0,719124.6333333334
Massachusetts,Hampden,283739.0,51526.0,322630.0,60764.0,718659.0
Colorado,Larimer,669802.7333333342,48411.5,0.0,0.0,718214.2333333342
Texas,Travis,605122.0,18179.0,83862.0,2405.0,709568.0
Washington,King,436803.5,103868.86666666661,128420.0,38074.0,707166.3666666666
Georgia,DeKalb,355525.0,46032.0,300210.0,3707.0,705474.0
Arkansas,Pulaski,465771.5,50428.5,155568.0,27654.5,699422.5
North Carolina,Forsyth,433741.3333333334,54592.250000000015,136178.0,74111.0,698622.5833333334
West Virginia,Brooke,0.0,39968.0,0.0,657403.0,697371.0
Indiana,Vanderburgh,398719.0,58707.0,118595.0,116035.0,692056.0
Kansas,Sedgwick,539461.5,35113.66666666667,110268.0,0.0,684843.1666666666
New York,Chautauqua,492200.0,0.0,0.0,190071.0,682271.0
New Hampshire,Hillsborough,439959.5,68753.0,88858.0,78091.5,675662.0
New Jersey,Mercer,575187.0,0.0,97641.0,0.0,672828.0
Pennsylvania,York,372370.0,26898.0,175688.0,95809.0,670765.0
Wisconsin,Milwaukee,434633.66666666686,24281.483333333334,162546.33333333334,42054.5,663515.9833333335
Colorado,Adams,273170.0,53199.0,241558.0,93943.0,661870.0
Indiana,St. Joseph,531988.0,0.0,128217.0,0.0,660205.0
California,Yolo,540374.0,8705.0,109630.0,0.0,658709.0
North Carolina,Wake,526240.6666666665,52007.5,58614.0,21647.0,658509.1666666665
California,Sutter,494032.0,21418.0,137316.0,0.0,652766.0
Texas,Denton,541876.0,0.0,109767.0,0.0,651643.0
Kentucky,Jefferson,261725.00000000055,64340.83333333333,147897.0,177199.33333333366,651162.1666666676
California,Santa Cruz,586553.0,18230.0,34187.0,11618.0,650588.0
New Hampshire,Rockingham,483180.5,6487.0,84304.0,74341.0,648312.5
Texas,Brazoria,512209.0,0.0,132117.0,0.0,644326.0
Pennsylvania,Lackawanna,419464.0,23886.0,159043.0,41454.0,643847.0
Illinois,Peoria,476027.0,64557.0,0.0,99463.0,640047.0
Texas,Ellis,449396.5,0.0,134618.8333333333,53711.00000000003,637726.3333333333
District Of Columbia,District of Columbia,270436.4999999997,74985.66666666653,207926.16666666663,82685.5,636033.8333333328
Pennsylvania,Centre,503818.5,0.0,80228.0,50919.0,634965.5
Illinois,Saint Clair,253505.0,41074.0,191612.0,146913.0,633104.0
Ohio,Lucas,565085.0,0.0,0.0,65866.0,630951.0
New York,Bronx,216614.3333333333,50573.5,251258.1666666667,111876.83333333336,630322.8333333334
Pennsylvania,Dauphin,421215.0,22720.0,112355.0,52679.0,608969.0
California,Butte,427134.5,41144.0,126161.0,0.0,594439.5
New York,Queens,231475.1666666667,40676.5,245270.5,76534.5,593956.6666666667
Pennsylvania,Philadelphia,249899.8833333331,47584.75000000007,219155.1666666667,72051.08333333327,588690.8833333332
Massachusetts,Worcester,330017.0,45479.0,169135.0,43194.0,587825.0
Pennsylvania,Lancaster,378518.0,18516.0,127376.0,63059.0,587469.0
Texas,El Paso,301092.1333333344,53495.79999999989,213840.0499999993,18665.99999999988,587093.9833333335
Rhode Island,Providence,214630.0,79333.0,226605.0,64015.0,584583.0
Texas,Dallas,380248.83333333343,32189.0,155369.66666666642,14850.0,582657.4999999999
Florida,Sarasota,483519.5,56413.0,28227.0,12405.5,580565.0
Louisiana,West Baton Rouge,265614.0,0.0,164805.0,150029.0,580448.0
Pennsylvania,Mercer,517590.0,0.0,0.0,62832.0,580422.0
California,San Benito,574997.0,0.0,0.0,0.0,574997.0
Maine,Cumberland,362925.0,19566.0,136002.0,52241.0,570734.0
Connecticut,Hartford,192458.0,124319.5,213861.0,36056.0,566694.5
Florida,Manatee,494323.0,0.0,35625.0,35233.0,565181.0
New Mexico,Sandoval,488753.5,12269.0,60804.0,0.0,561826.5
Missouri,St. Louis City,223103.16666666672,43110.0,196680.64999999997,98371.83333333334,561265.65
Ohio,Franklin,419591.66666666674,39250.5,47275.0,48565.5,554682.6666666667
Georgia,Fulton,256109.0,61700.0,166440.0,70362.0,554611.0
Kansas,Wyandotte,249001.0,49055.0,179714.0,71221.0,548991.0
California,Sonoma,387478.0,42926.0,117840.0,0.0,548244.0
Florida,Pasco,542607.0,0.0,0.0,0.0,542607.0
Indiana,Porter,385545.0,0.0,0.0,156823.0,542368.0
Florida,Palm Beach,412685.0,28993.0,93870.0,6447.0,541995.0
Missouri,Clay,429473.4166666666,5383.0,97635.0,6544.0,539035.4166666666
Pennsylvania,Westmoreland,363926.0,10589.0,75319.0,87455.0,537289.0
New Jersey,Middlesex,283899.0,44552.0,161798.0,45737.0,535986.0
California,Madera,415913.5,3707.0,113307.0,0.0,532927.5
New Mexico,Eddy,418648.0,0.0,99804.0,9831.0,528283.0
Missouri,Greene,303347.0,28739.5,91619.0,103827.4166666669,527532.9166666669
Tennessee,Davidson,213301.0,60961.0,207543.0,44248.0,526053.0
Tennessee,Knox,497862.0,10593.0,9365.0,3681.0,521501.0
New Jersey,Essex,139718.0,25427.0,332981.0,21722.0,519848.0
Indiana,Warrick,380528.0,0.0,0.0,137502.5833333333,518030.5833333333
Missouri,Saint Charles,441052.0,0.0,62299.0,14458.0,517809.0
Colorado,Montezuma,516696.0,0.0,0.0,0.0,516696.0
Arizona,Coconino,515547.0,0.0,0.0,0.0,515547.0
Florida,Brevard,509891.0,0.0,0.0,4876.0,514767.0
Pennsylvania,Luzerne,347467.0,21393.0,77094.0,64033.0,509987.0
Pennsylvania,Berks,267192.0,20989.0,124882.0,96224.0,509287.0
Minnesota,Anoka,367998.0,20887.0,108445.0,11645.0,508975.0
Florida,Lee,508177.0,0.0,0.0,0.0,508177.0
California,Mariposa,498303.5000000001,6205.0,2685.0,0.0,507193.5000000001
Pennsylvania,Erie,228266.0,34008.0,131000.0,113527.0,506801.0
Delaware,Sussex,501151.0,0.0,3531.0,938.0,505620.0
Illinois,Champaign,493979.0,3052.0,0.0,7661.0,504692.0
North Carolina,Rowan,487821.0,16083.0,0.0,0.0,503904.0
Pennsylvania,Cambria,214897.0,30951.0,135958.0,122051.0,503857.0
Massachusetts,Suffolk,213009.0,37708.500000000044,197816.3333333327,53909.62976190464,502443.46309523744
Pennsylvania,Delaware,234646.0,0.0,173979.0,91906.0,500531.0
California,Merced,379786.0,0.0,119427.0,0.0,499213.0
Ohio,Jefferson,198126.0,44011.0,0.0,257007.5,499144.5
New Jersey,Bergen,210709.0,79268.0,163384.0,43467.0,496828.0
Kentucky,Fayette,283606.0,2840.0,141644.0,67835.0,495925.0
Tennessee,Hamilton,491718.0,0.0,0.0,0.0,491718.0
Florida,Volusia,491289.0,0.0,0.0,0.0,491289.0
California,Tehama,488613.0,0.0,0.0,0.0,488613.0
Florida,Duval,263910.8333333333,39224.58333333344,138986.0,46347.41666666678,488468.83333333355
Colorado,Garfield,462001.9666666662,0.0,24260.0,0.0,486261.9666666662
Ohio,Clark,424919.0,0.0,0.0,61031.0,485950.0
Michigan,Kent,378467.0,32901.0,51065.0,22687.0,485120.0
Texas,Bexar,317087.0833333338,34911.5,113517.49999999985,14444.5,479960.5833333336
Maryland,Harford,479314.0,0.0,0.0,0.0,479314.0
Pennsylvania,Bucks,241952.0,23137.0,141656.0,72146.0,478891.0
Massachusetts,Hampshire,399843.0,0.0,53394.0,25478.0,478715.0
Colorado,Weld,433589.5,44987.0,0.0,0.0,478576.5
South Carolina,Greenville,215711.0,35116.0,182286.0,44142.5,477255.5
South Carolina,Charleston,244402.0,17947.0,137837.0,76112.0,476298.0
Colorado,Arapahoe,472305.0,0.0,0.0,0.0,472305.0
Utah,Davis,222739.0,6449.0,202874.0,38021.0,470083.0
New Jersey,Morris,287406.0,38444.0,91148.0,51949.0,468947.0
Indiana,Vigo,340863.0,0.0,0.0,126374.0,467237.0
Tennessee,Blount,329568.00000000006,7763.0,2655.0,122340.5,462326.50000000006
Texas,Galveston,324048.5,0.0,64089.0,72380.0,460517.5
North Carolina,Haywood,435277.5,0.0,0.0,24672.0,459949.5
Idaho,Ada,290189.5,89349.0,71989.0,4799.0,456326.5
Ohio,Lawrence,374596.0,0.0,0.0,79453.0,454049.0
North Carolina,Cumberland,425716.0,21986.0,0.0,6032.0,453734.0
Tennessee,Sumner,417652.0,0.0,0.0,30793.0,448445.0
Indiana,Floyd,206584.0,0.0,0.0,238141.5,444725.5
Iowa,Linn,347945.1666666666,22010.0,7350.0,65955.14999999995,443260.3166666666
Utah,Washington,420467.0,0.0,21183.0,0.0,441650.0
Michigan,Washtenaw,440077.0,0.0,0.0,0.0,440077.0
Pennsylvania,Lawrence,208474.0,25936.0,86631.0,118616.0,439657.0
Louisiana,St. Bernard,263544.0,0.0,0.0,174208.0,437752.0
Texas,Gregg,297233.0,0.0,83545.0,56515.0,437293.0
Pennsylvania,Adams,399148.00000000006,9182.0,25092.0,2269.0,435691.00000000006
Virginia,Arlington,213731.0,35901.0,185754.0,0.0,435386.0
Louisiana,Jefferson,295301.0,1324.0,137491.0,1019.0,435135.0
New York,New York,155511.5,57740.41666666667,133695.5,87666.0,434613.4166666667
Virginia,Charles,197769.0,0.0,121304.0,113293.0,432366.0
Colorado,Boulder,364671.5,65765.0,0.0,0.0,430436.5
California,San Francisco,182081.0,49189.1666666667,180002.0,17275.5,428547.6666666667
Arkansas,Crittenden,322155.0,0.0,104365.0,0.0,426520.0
Kentucky,Boyd,220849.5,4637.5,120821.0,80191.5,426499.5
Missouri,Jefferson,212237.0,0.0,0.0,212741.25,424978.25
Maine,York,385785.5,0.0,35487.0,1080.5,422353.0
Kentucky,Daviess,214044.0,305.0,99324.0,107089.0,420762.0
Maine,Aroostook,371061.5,8697.0,24475.0,15132.0,419365.5
New Jersey,Union,0.0,60420.5,283612.0,74833.0,418865.5
Virginia,Alexandria City,138997.0,34032.0,167312.0,76596.0,416937.0
Hawaii,Honolulu,224175.0,75319.5,64857.5,51986.00000000036,416338.00000000035
California,Mendocino,270925.0,44068.0,100216.0,0.0,415209.0
Alabama,Mobile,398235.0,2618.0,0.0,13938.0,414791.0
Pennsylvania,Blair,216600.0,9607.0,77779.0,110423.0,414409.0
California,San Mateo,194190.0,57374.0,160848.0,0.0,412412.0
Indiana,Allen,365687.0,46542.0,0.0,0.0,412229.0
Wyoming,Campbell,273263.6666666666,0.0,65413.3666666666,71566.0,410243.0333333332
Montana,Yellowstone,31022.0,40239.5,9120.0,327846.36904761894,408227.86904761894
Illinois,Lake,401317.0,0.0,5946.0,0.0,407263.0
Texas,Collin,405431.0,0.0,0.0,0.0,405431.0
New Hampshire,Grafton,404615.0,0.0,0.0,0.0,404615.0
Michigan,Macomb,354562.0,12319.0,0.0,36982.0,403863.0
Kentucky,Campbell,210211.0,0.0,95429.0,97844.0,403484.0
Colorado,La Plata,312038.4999999997,18784.0,72585.49999999999,0.0,403407.9999999997
Iowa,Scott,276335.25,12627.0,85343.0,28872.0,403177.25
Massachusetts,Bristol,306400.0,0.0,9085.0,87168.0,402653.0
California,Inyo,401134.5,1267.0,0.0,1.0,402402.5
Utah,Uintah,338491.2666666666,2668.0,57346.08333333334,56.0,398561.35
Utah,Cache,250135.0,9798.0,134216.0,3472.0,397621.0
West Virginia,Wood,206210.0,0.0,0.0,191356.0,397566.0
Indiana,LaPorte,344441.0,0.0,0.0,52669.0,397110.0
Pennsylvania,Montgomery,234516.0,12564.0,90034.0,59835.0,396949.0
California,Napa,220755.0,50170.5,123796.0,0.0,394721.5
Pennsylvania,Lehigh,231969.0,7778.0,82470.0,70801.0,393018.0
New York,Monroe,241726.0,35572.0,33800.0,80649.5,391747.5
Illinois,Will,295524.0,1111.0,19366.0,74982.0,390983.0
Mississippi,Jackson,266319.0,0.0,64302.0,57627.0,388248.0
Vermont,Chittenden,242807.0,37576.0,104783.0,2622.0,387788.0
Indiana,Hendricks,185587.0,34044.0,105957.0,61452.0,387040.0
Oklahoma,Kay,270691.0,2504.0,20663.0,92534.5,386392.5
Tennessee,Sevier,376397.5,0.0,0.0,7152.0,383549.5
Utah,Box Elder,373767.0,0.0,9419.0,0.0,383186.0
Illinois,Winnebago,339411.0,43338.0,0.0,0.0,382749.0
California,Marin,185977.0,45663.0,150519.0,0.0,382159.0
Kentucky,McCracken,217432.0,1654.0,119243.0,43319.0,381648.0
Minnesota,Saint Louis,349742.0,29755.0,0.0,479.0,379976.0
Maryland,Baltimore (City),129455.0,41065.5,207875.0,0.0,378395.5
Texas,Montgomery,298886.0,0.0,77270.0,0.0,376156.0
Wyoming,Albany,370097.5,0.0,5957.0,70.0,376124.5
Washington,Spokane,284914.0,90152.00000000003,0.0,0.0,375066.0
Colorado,Mesa,308533.3333333333,65893.0,0.0,0.0,374426.3333333333
Iowa,Polk,198091.5,61139.500000000015,114494.0,551.0,374276.0
California,Tuolumne,360148.0,13018.0,0.0,0.0,373166.0
Louisiana,Ascension,280282.0,0.0,92789.0,0.0,373071.0
Kentucky,Henderson,240910.0,2308.0,32256.0,95167.0,370641.0
Illinois,Macon,261391.0,0.0,0.0,107126.33333333342,368517.33333333343
Wyoming,Sublette,330613.2583333334,0.0,37409.58333333326,0.0,368022.8416666667
New Hampshire,Merrimack,157855.0,0.0,0.0,209401.0,367256.0
Kansas,Sumner,291564.0,1520.0,62022.0,11698.0,366804.0
Ohio,Summit,202372.0,34638.5,0.0,128839.0,365849.5
Washington,Pierce,295847.8333333333,34315.0,31198.0,0.0,361360.8333333333
Texas,Orange,256844.0,0.0,93202.0,11161.0,361207.0
Michigan,Genesee,341173.0,706.0,0.0,19009.0,360888.0
Texas,Smith,309658.0,0.0,51095.0,0.0,360753.0
West Virginia,Kanawha,209511.0,3630.0,0.0,146862.0,360003.0
Texas,Hidalgo,359753.0,0.0,0.0,0.0,359753.0
Texas,Kaufman,273261.0,0.0,64415.0,20662.0,358338.0
Illinois,Sangamon,250388.0,31844.0,0.0,74884.0,357116.0
California,Calaveras,349500.0,7598.0,0.0,0.0,357098.0
Virginia,Roanoke,199669.0,6662.0,121199.0,28819.0,356349.0
Maryland,Anne Arundel,307875.0,0.0,9624.0,37531.0,355030.0
Louisiana,Livingston,302037.0,0.0,50735.0,0.0,352772.0
Wisconsin,Kenosha,348153.0,0.0,0.0,0.0,348153.0
North Dakota,Mercer,245463.5,0.0,50773.16666666683,51626.066666666804,347862.7333333337
Arizona,Cochise,347072.0,0.0,0.0,0.0,347072.0
Florida,Polk,269256.6666666667,0.0,0.0,74813.0,344069.6666666667
Utah,San Juan,343604.5,0.0,0.0,0.0,343604.5
Wyoming,Teton,328984.5,11743.0,1644.0,10.0,342381.5
North Dakota,Oliver,243736.0,0.0,38788.0,57845.0,340369.0
Minnesota,Dakota,38212.0,29677.0,234654.0,36764.83333333288,339307.8333333329
Colorado,Gunnison,338948.0,0.0,0.0,0.0,338948.0
Nevada,White Pine,337594.0,0.0,0.0,0.0,337594.0
Colorado,Douglas,337299.0,0.0,0.0,0.0,337299.0
Virginia,Madison,321674.0,0.0,0.0,14215.0,335889.0
Oklahoma,Cleveland,296194.0,9982.0,29278.0,0.0,335454.0
North Dakota,Cass,228694.0,6049.0,92142.0,5019.0,331904.0
Virginia,Giles,303253.5,0.0,0.0,27303.0,330556.5
California,Amador,320050.0,10128.0,0.0,0.0,330178.0
New York,Albany,250250.0,30259.0,0.0,49603.0,330112.0
Virginia,Loudoun,203848.0,0.0,126100.0,0.0,329948.0
New Jersey,Cumberland,278189.0,0.0,14307.0,37338.0,329834.0
Missouri,Jackson,501.0,29368.5,159123.5,138480.0,327473.0
Georgia,Muscogee,313665.0,0.0,0.0,13007.0,326672.0
Virginia,Hampton City,192319.0,28382.0,29987.0,75462.0,326150.0
West Virginia,Monongalia,192506.0,0.0,0.0,129474.50000000001,321980.5
North Carolina,New Hanover,180427.0,12067.0,0.0,129439.0,321933.0
Texas,Harrison,259103.0,0.0,51005.0,9260.0,319368.0
Washington,Skagit,242322.0,0.0,64654.0,12278.0,319254.0
Massachusetts,Middlesex,281423.0,25182.0,8037.0,3874.0,318516.0
South Dakota,Minnehaha,224735.0,7155.0,74706.0,11508.0,318104.0
Maryland,Dorchester,312398.0,3537.0,0.0,1918.0,317853.0
Oklahoma,Comanche,303652.5,13972.0,0.0,0.0,317624.5
Wyoming,Sweetwater,228143.41666666674,2078.0,58804.83333333334,28311.999999999985,317338.2500000001
New Jersey,Gloucester,263204.0,0.0,0.0,52778.0,315982.0
New York,Onondaga,249196.0,34033.0,0.0,32200.0,315429.0
Louisiana,Bossier,286895.0,0.0,0.0,27750.0,314645.0
Pennsylvania,Warren,0.0,0.0,0.0,313860.0,313860.0
Colorado,Rio Blanco,293281.0,0.0,19817.0,0.0,313098.0
Kentucky,Edmonson,299841.0,6030.0,0.0,7174.0,313045.0
Pennsylvania,Indiana,188086.0,0.0,17972.0,106748.0,312806.0
Utah,Duchesne,266895.1666666666,204.0,44840.5,31.0,311970.6666666666
Virginia,Henrico,228930.0,11163.0,64743.0,5292.0,310128.0
Texas,Parker,303838.0,0.0,5184.0,0.0,309022.0
North Carolina,Avery,308363.5,0.0,0.0,0.0,308363.5
Kentucky,Livingston,249739.0,0.0,0.0,58095.0,307834.0
Indiana,Morgan,194330.0,0.0,0.0,112638.0,306968.0
Pennsylvania,Greene,239161.0,3873.0,0.0,62951.0,305985.0
Georgia,Bibb,279931.0,0.0,0.0,25759.0,305690.0
Connecticut,Litchfield,252039.0,11100.0,31159.0,11389.0,305687.0
Texas,Johnson,305503.0,0.0,0.0,0.0,305503.0
Oregon,Multnomah,136287.5,63568.499999999985,93571.5,10619.0,304046.5
Georgia,Rockdale,245374.0,0.0,58600.0,0.0,303974.0
New Jersey,Atlantic,277292.5,0.0,0.0,26348.0,303640.5
Pennsylvania,Lycoming,259201.0,0.0,0.0,43386.0,302587.0
Alabama,DeKalb,302163.0,0.0,0.0,0.0,302163.0
Georgia,Pike,300477.0,0.0,0.0,0.0,300477.0
Louisiana,Orleans,159678.0,34692.0,105933.0,0.0,300303.0
Texas,Hunt,236287.0,0.0,63479.0,0.0,299766.0
New Mexico,Lea,221943.0,0.0,76832.0,0.0,298775.0
Kentucky,Washington,298623.75,0.0,0.0,0.0,298623.75
Texas,Brewster,296622.0,0.0,0.0,240.0,296862.0
Illinois,Randolph,251398.0,0.0,0.0,45402.0,296800.0
Florida,Alachua,296587.0,0.0,0.0,0.0,296587.0
Georgia,Chatham,181287.0,0.0,0.0,115213.5,296500.5
Texas,Cameron,268648.0,26819.0,0.0,111.0,295578.0
Arizona,Navajo,295147.0,0.0,0.0,0.0,295147.0
Michigan,St. Clair,167045.0,0.0,0.0,128019.33333333343,295064.33333333343
Louisiana,Caddo,294779.0,0.0,0.0,0.0,294779.0
Ohio,Mahoning,189170.0,0.0,0.0,105598.0,294768.0
Kansas,Trego,280753.0,0.0,3959.0,7241.0,291953.0
Kentucky,Trigg,287207.3333333334,0.0,1702.0,2705.0,291614.3333333334
Mississippi,Hinds,227828.0,25379.0,20219.0,18123.0,291549.0
Arkansas,Newton,291307.0,0.0,0.0,0.0,291307.0
Virginia,Prince William,197363.0,0.0,93921.0,0.0,291284.0
New Jersey,Hunterdon,290978.0,0.0,0.0,0.0,290978.0
South Carolina,Oconee,273100.0,0.0,0.0,17613.0,290713.0
Kentucky,Greenup,208027.0,0.0,0.0,81150.0,289177.0
Oklahoma,Canadian,267021.0,0.0,20755.0,0.0,287776.0
Texas,Hood,287748.0,0.0,0.0,0.0,287748.0
Illinois,Macoupin,248510.0,0.0,2952.0,35721.0,287183.0
Ohio,Fayette,285993.5,0.0,0.0,0.0,285993.5
Louisiana,Lafayette,285411.0,0.0,0.0,0.0,285411.0
Mississippi,Harrison,265842.0,0.0,0.0,19463.0,285305.0
Arkansas,Washington,285223.0,0.0,0.0,0.0,285223.0
Kentucky,Morgan,285216.0,0.0,0.0,0.0,285216.0
Oklahoma,Cherokee,223343.0,2514.0,48104.0,11179.0,285140.0
Texas,Rockwall,285094.0,0.0,0.0,0.0,285094.0
Pennsylvania,Chester,284915.0,0.0,0.0,0.0,284915.0
Wisconsin,Dodge,270898.0,7912.0,0.0,6027.0,284837.0
Country Of Mexico,CHIHUAHUA STATE,198915.1666666663,85115.0,0.0,0.0,284030.1666666663
South Carolina,Aiken,260158.0,0.0,23690.0,0.0,283848.0
West Virginia,Cabell,204291.0,0.0,0.0,79474.0,283765.0
Ohio,Clermont,223760.0,0.0,0.0,59851.0,283611.0
Maine,Hancock,270412.4999999999,10092.0,1144.0,1854.0,283502.4999999999
Ohio,Ashtabula,214658.0,0.0,0.0,68723.0,283381.0
Louisiana,Lafourche,283258.0,0.0,0.0,0.0,283258.0
North Carolina,Montgomery,283219.0,0.0,0.0,0.0,283219.0
Florida,Santa Rosa,282917.0,0.0,0.0,0.0,282917.0
Oklahoma,McClain,282387.0,0.0,0.0,0.0,282387.0
North Dakota,Burke,196505.0,0.0,33494.5,52167.0,282166.5
Louisiana,Pointe Coupee,281425.0,0.0,61.0,0.0,281486.0
Indiana,Knox,280896.0,0.0,0.0,0.0,280896.0
New York,Essex,270548.74999999994,0.0,0.0,9679.0,280227.74999999994
Louisiana,St. John the Baptist,279639.0,0.0,0.0,0.0,279639.0
Tennessee,Claiborne,278751.5,0.0,0.0,0.0,278751.5
Kentucky,Warren,214092.0,0.0,52731.0,10962.0,277785.0
Florida,Bay,277768.0,0.0,0.0,0.0,277768.0
Maryland,Garrett,230894.0,7088.0,6789.0,32991.0,277762.0
Indiana,Wabash,277229.0,0.0,0.0,0.0,277229.0
Tennessee,DeKalb,276612.5,0.0,0.0,0.0,276612.5
Virginia,Richmond City,0.0,35431.5,176535.0,64244.0,276210.5
New York,Niagara,211072.0,19417.0,0.0,45072.0,275561.0
New York,Putnam,245320.0,0.0,0.0,29752.0,275072.0
Ohio,Noble,274850.0,0.0,0.0,0.0,274850.0
New York,Hamilton,264457.0,0.0,0.0,9709.0,274166.0
Nebraska,Douglas,189125.50000000017,48920.5,0.0,35911.8333333337,273957.8333333339
Kentucky,Bell,272281.0,1520.0,0.0,0.0,273801.0
Pennsylvania,Elk,273765.5,0.0,0.0,0.0,273765.5
Oklahoma,Adair,254936.0,6173.0,7929.0,4719.0,273757.0
California,Glenn,273306.0,0.0,0.0,0.0,273306.0
West Virginia,Ohio,205880.0,14175.0,0.0,52606.0,272661.0
Florida,Seminole,272057.0,0.0,0.0,0.0,272057.0
Oklahoma,Ottawa,239591.0,1218.0,25733.0,5447.0,271989.0
North Dakota,McKenzie,237531.0,0.0,17246.0,17153.500000000087,271930.5000000001
Louisiana,Ouachita,255681.0,0.0,0.0,15811.0,271492.0
Tennessee,Anderson,228111.0,0.0,0.0,42794.0,270905.0
Wyoming,Carbon,201968.0,0.0,42034.5,26334.49999999985,270336.9999999998
Illinois,Adams,234278.0,0.0,0.0,35841.0,270119.0
New York,Tompkins,267337.0,0.0,0.0,1493.0,268830.0
Florida,Holmes,268776.0,0.0,0.0,0.0,268776.0
Kentucky,Bullitt,210375.0,0.0,58202.0,0.0,268577.0
Michigan,Ingham,209313.0,0.0,50249.0,8955.0,268517.0
West Virginia,Tucker,267668.5,0.0,0.0,0.0,267668.5
Wyoming,Natrona,190054.0,0.0,60767.0,16471.0,267292.0
Ohio,Montgomery,208938.0,39407.0,0.0,18730.0,267075.0
North Dakota,Dunn,227679.0,0.0,26583.0,12770.0,267032.0
Connecticut,Windham,265920.0,0.0,0.0,0.0,265920.0
Alabama,Madison,262150.5,3375.0,0.0,0.0,265525.5
Montana,Flathead,225293.0,40086.0,0.0,0.0,265379.0
Wisconsin,Oneida,91880.0,0.0,0.0,172443.0,264323.0
Idaho,Butte,262652.0,0.0,0.0,0.0,262652.0
Vermont,Rutland,39604.0,38687.0,123634.0,60594.0,262519.0
Oklahoma,Dewey,262439.0,0.0,0.0,0.0,262439.0
Georgia,Paulding,208932.0,15102.0,38384.0,0.0,262418.0
Florida,Osceola,261695.0,0.0,0.0,0.0,261695.0
Pennsylvania,Somerset,261535.5,0.0,0.0,0.0,261535.5
Kentucky,Hancock,218768.0,0.0,0.0,42489.0,261257.0
Texas,Nueces,238632.33333333334,0.0,0.0,22534.833333332535,261167.16666666587
Florida,Marion,261007.0,0.0,0.0,0.0,261007.0
Arizona,Yuma,238399.0,2900.0,18249.0,1350.0,260898.0
Florida,St. Lucie,224795.0,0.0,36091.0,0.0,260886.0
Florida,Lake,260680.0,0.0,0.0,0.0,260680.0
Mississippi,Yalobusha,260327.0,0.0,0.0,0.0,260327.0
Nevada,Carson City,228016.0,32149.0,0.0,0.0,260165.0
Virginia,Prince Edward,259814.0,0.0,0.0,0.0,259814.0
California,Colusa,259798.0,0.0,0.0,0.0,259798.0
Oregon,Lane,209527.0,50237.0,0.0,0.0,259764.0
Michigan,Tuscola,259721.5,0.0,0.0,0.0,259721.5
New York,Westchester,259283.0,0.0,0.0,0.0,259283.0
South Carolina,York,257913.49999999994,0.0,0.0,804.0,258717.49999999994
Wyoming,Fremont,230096.74999999983,1028.0,9377.166666666666,17790.0,258291.91666666648
Florida,Leon,258285.83333333334,0.0,0.0,0.0,258285.83333333334
Louisiana,St. James,256571.0,0.0,87.0,1174.0,257832.0
Florida,Baker,257770.0,0.0,0.0,0.0,257770.0
Virginia,Rockingham,114560.0,0.0,118331.0,24202.5,257093.5
New York,Dutchess,252997.0,0.0,0.0,3057.0,256054.0
Wisconsin,Brown,161140.0,0.0,0.0,94831.0,255971.0
Illinois,McLean,255138.0,0.0,0.0,0.0,255138.0
Illinois,Jo Daviess,254890.5,0.0,0.0,0.0,254890.5
Kansas,Linn,208743.0,7478.0,26074.0,11691.0,253986.0
California,Humboldt,193084.0,25089.0,34133.0,1555.0,253861.0
Michigan,Wexford,253657.5,0.0,0.0,0.0,253657.5
Delaware,Kent,252452.0,0.0,0.0,0.0,252452.0
New York,Saratoga,251987.0,0.0,0.0,0.0,251987.0
New York,Herkimer,242329.0,0.0,0.0,9524.0,251853.0
Georgia,Richmond,223380.0,0.0,0.0,28101.0,251481.0
Arkansas,Clark,251330.0,0.0,0.0,0.0,251330.0
New Jersey,Monmouth,213668.0,37557.0,0.0,0.0,251225.0
North Carolina,Macon,250609.0,0.0,0.0,0.0,250609.0
South Carolina,Pickens,250414.5,0.0,0.0,0.0,250414.5
North Dakota,Burleigh,160415.0,1875.0,63422.0,24473.0,250185.0
South Carolina,Darlington,250071.0,0.0,0.0,0.0,250071.0
Florida,Columbia,249696.0,0.0,0.0,0.0,249696.0
Texas,Webb,196675.0,52977.5,0.0,0.0,249652.5
North Dakota,Billings,241030.0,0.0,0.0,8580.0,249610.0
Ohio,Preble,233415.0,5748.0,0.0,10244.0,249407.0
Tennessee,Jefferson,249333.0,0.0,0.0,0.0,249333.0
Oklahoma,Creek,249296.0,0.0,0.0,0.0,249296.0
Ohio,Allen,207814.5,0.0,0.0,41347.0,249161.5
Oklahoma,Pittsburg,248967.0,0.0,0.0,0.0,248967.0
Illinois,McHenry,248707.0,0.0,0.0,0.0,248707.0
South Carolina,Spartanburg,248205.0,0.0,0.0,0.0,248205.0
Mississippi,DeSoto,227817.0,0.0,20253.0,0.0,248070.0
North Carolina,Carteret,247773.0,0.0,0.0,0.0,247773.0
Indiana,Perry,182883.0,0.0,0.0,64161.0,247044.0
Pennsylvania,Perry,160150.0,0.0,44184.0,42668.0,247002.0
Missouri,Monroe,220248.0,0.0,4343.0,22366.0,246957.0
Alabama,Shelby,232758.0,0.0,9532.0,4298.0,246588.0
South Carolina,Berkeley,246496.0,0.0,0.0,0.0,246496.0
Kentucky,Jessamine,215067.0,0.0,0.0,29027.0,244094.0
Oklahoma,Mayes,191926.0,0.0,18824.0,33227.0,243977.0
Virginia,Norfolk City,0.0,29095.5,128301.0,85518.0,242914.5
Illinois,Kane,242369.0,0.0,0.0,0.0,242369.0
Florida,Liberty,242266.0,0.0,0.0,0.0,242266.0
North Carolina,Guilford,222426.5,19756.0,0.0,0.0,242182.5
New Jersey,Ocean,242166.0,0.0,0.0,0.0,242166.0
Georgia,Douglas,241813.0,0.0,0.0,0.0,241813.0
California,Lake,241723.0,0.0,0.0,0.0,241723.0
South Carolina,Edgefield,241660.0,0.0,0.0,0.0,241660.0
Florida,Wakulla,239362.0,1814.0,0.0,365.0,241541.0
Georgia,Henry,241013.0,0.0,0.0,0.0,241013.0
Florida,Indian River,240395.0,0.0,0.0,0.0,240395.0
Vermont,Bennington,239839.0,0.0,0.0,0.0,239839.0
Missouri,Sainte Genevieve,219824.5,0.0,19847.0,0.0,239671.5
Pennsylvania,Armstrong,239348.0,0.0,0.0,0.0,239348.0
Georgia,Gwinnett,238318.0,0.0,0.0,0.0,238318.0
Texas,Victoria,238090.0,0.0,0.0,0.0,238090.0
Wisconsin,Taylor,236717.0,0.0,0.0,0.0,236717.0
Illinois,Rock Island,233359.0,0.0,0.0,3277.0,236636.0
North Carolina,Swain,231872.0,0.0,0.0,4262.0,236134.0
Georgia,Murray,235798.0,0.0,0.0,0.0,235798.0
Iowa,Clinton,183706.5,0.0,0.0,51975.0,235681.5
Texas,Bell,231830.0,0.0,2813.0,0.0,234643.0
Massachusetts,Norfolk,193013.0,0.0,41316.0,0.0,234329.0
South Carolina,Chesterfield,234138.0,0.0,0.0,0.0,234138.0
Georgia,Cobb,234041.0,0.0,0.0,0.0,234041.0
West Virginia,Gilmer,233927.5,0.0,0.0,0.0,233927.5
Ohio,Trumbull,233367.0,0.0,0.0,0.0,233367.0
West Virginia,Marshall,0.0,0.0,0.0,233279.0,233279.0
South Dakota,Jackson,219550.0,0.0,6896.0,6485.0,232931.0
Kentucky,Christian,230152.5,0.0,0.0,2768.0,232920.5
North Carolina,Lincoln,227124.0,0.0,0.0,5233.0,232357.0
Florida,Highlands,232168.0,0.0,0.0,0.0,232168.0
Pennsylvania,Tioga,223872.0,0.0,8074.0,0.0,231946.0
Tennessee,Wilson,231602.0,0.0,0.0,0.0,231602.0
Ohio,Clinton,231445.0,0.0,0.0,0.0,231445.0
Ohio,Lorain,184435.0,0.0,0.0,46604.0,231039.0
Kentucky,Oldham,230945.0,0.0,0.0,0.0,230945.0
Tennessee,Williamson,230660.0,0.0,0.0,0.0,230660.0
North Carolina,Person,215655.0,0.0,0.0,14887.0,230542.0
Ohio,Warren,230356.0,0.0,0.0,0.0,230356.0
New York,Jefferson,229957.0,0.0,0.0,0.0,229957.0
Alaska,Denali ,229938.0,0.0,0.0,0.0,229938.0
New York,Richmond,226009.0,0.0,0.0,3194.0,229203.0
Massachusetts,Barnstable,222141.0,0.0,6977.0,0.0,229118.0
Kansas,Leavenworth,229078.0,0.0,0.0,0.0,229078.0
Ohio,Licking,228695.0,0.0,0.0,0.0,228695.0
New Hampshire,Coos,205568.0,0.0,0.0,23115.0,228683.0
North Carolina,Granville,226823.0,1475.0,0.0,0.0,228298.0
South Carolina,Cherokee,227419.0,0.0,0.0,0.0,227419.0
Kansas,Johnson,226795.0,0.0,0.0,0.0,226795.0
Pennsylvania,Franklin,226617.0,0.0,0.0,0.0,226617.0
Arizona,Yavapai,226106.0,0.0,0.0,0.0,226106.0
New York,Orange,225972.0,0.0,0.0,0.0,225972.0
Alabama,Morgan,225708.0,0.0,0.0,0.0,225708.0
Arkansas,Polk,224828.0,0.0,0.0,0.0,224828.0
Wyoming,Uinta,200619.0,1233.0,22153.0,755.0,224760.0
Alabama,Colbert,184227.5,0.0,5314.0,34928.0,224469.5
Maryland,Cecil,223884.0,0.0,0.0,0.0,223884.0
Pennsylvania,Clearfield,223787.0,0.0,0.0,0.0,223787.0
New Mexico,Valencia,223314.0,0.0,0.0,0.0,223314.0
Indiana,Clark,223150.0,0.0,0.0,0.0,223150.0
Wisconsin,Sheboygan,222787.5,0.0,0.0,0.0,222787.5
North Carolina,Alexander,218512.0,0.0,0.0,3673.0,222185.0
North Carolina,Rockingham,219697.0,0.0,0.0,2450.0,222147.0
North Carolina,Durham,210582.0,9953.5,0.0,1397.0,221932.5
Michigan,Missaukee,208013.0,2488.0,9418.0,1870.0,221789.0
Ohio,Madison,220783.0,0.0,0.0,0.0,220783.0
Kentucky,Simpson,219955.0,0.0,0.0,0.0,219955.0
Maryland,Kent,219312.0,0.0,0.0,0.0,219312.0
South Dakota,Custer,213770.0,0.0,2932.0,1889.0,218591.0
Mississippi,Bolivar,218289.0,0.0,0.0,0.0,218289.0
North Carolina,Yancey,217686.0,0.0,0.0,0.0,217686.0
Georgia,Dawson,217134.0,0.0,0.0,0.0,217134.0
Ohio,Geauga,216913.0,0.0,0.0,0.0,216913.0
New Hampshire,Cheshire,187339.0,940.0,0.0,28441.0,216720.0
Wisconsin,Forest,200005.0,0.0,3660.0,12646.0,216311.0
North Carolina,Caswell,213941.0,2340.0,0.0,0.0,216281.0
Mississippi,Lee,215615.0,0.0,0.0,0.0,215615.0
New Mexico,Santa Fe,197988.0,17512.0,0.0,0.0,215500.0
California,Siskiyou,214884.0,0.0,0.0,0.0,214884.0
South Carolina,Anderson,213182.0,0.0,0.0,1590.0,214772.0
North Carolina,Union,214459.0,0.0,0.0,0.0,214459.0
South Carolina,Colleton,214084.0,0.0,0.0,0.0,214084.0
Florida,Collier,213147.0,0.0,0.0,0.0,213147.0
Louisiana,St. Charles,204710.0,0.0,0.0,8437.0,213147.0
Ohio,Greene,212746.0,0.0,0.0,0.0,212746.0
Minnesota,Hennepin,52085.0,33221.5,87154.0,40131.5,212592.0
Maine,Penobscot,212555.66666666648,0.0,0.0,0.0,212555.66666666648
Kentucky,Hardin,212509.0,0.0,0.0,0.0,212509.0
Maryland,Charles,212252.0,0.0,0.0,0.0,212252.0
Maryland,Carroll,212225.0,0.0,0.0,0.0,212225.0
Ohio,Miami,212217.0,0.0,0.0,0.0,212217.0
New York,Chemung,172438.0,0.0,0.0,39544.0,211982.0
Ohio,Washington,211946.0,0.0,0.0,0.0,211946.0
Ohio,Delaware,211654.0,0.0,0.0,0.0,211654.0
Maryland,Frederick,211560.0,0.0,0.0,0.0,211560.0
Maryland,Washington,211384.0,0.0,0.0,0.0,211384.0
North Carolina,Edgecombe,209225.0,0.0,0.0,2047.0,211272.0
North Carolina,Johnston,210932.0,0.0,0.0,0.0,210932.0
Ohio,Medina,201822.0,1515.0,4289.0,2995.0,210621.0
Wisconsin,Sauk,204168.0,0.0,3151.0,2978.0,210297.0
Illinois,DuPage,205031.0,0.0,0.0,5235.0,210266.0
Texas,Navarro,141321.0,0.0,27986.0,40576.0,209883.0
Alabama,Montgomery,208292.0,0.0,0.0,0.0,208292.0
Illinois,Hamilton,208243.0,0.0,0.0,0.0,208243.0
Ohio,Knox,206889.0,0.0,0.0,0.0,206889.0
Georgia,Sumter,206473.0,0.0,0.0,0.0,206473.0
Tennessee,Meigs,188661.0,3949.0,9284.0,4027.0,205921.0
New York,Ulster,190700.0,0.0,0.0,15137.0,205837.0
Alabama,Baldwin,205766.0,0.0,0.0,0.0,205766.0
North Carolina,Caldwell,205208.0,0.0,0.0,539.0,205747.0
Kentucky,Pulaski,205464.0,0.0,0.0,0.0,205464.0
Washington,Clallam,191438.5,3973.0,0.0,9659.0,205070.5
Missouri,Cass,204724.0,0.0,0.0,0.0,204724.0
North Carolina,Pitt,202057.0,0.0,0.0,2544.0,204601.0
Missouri,Cedar,202166.5,0.0,2270.0,0.0,204436.5
Illinois,Jersey,204365.0,0.0,0.0,0.0,204365.0
Indiana,Gibson,42317.0,0.0,32940.0,128847.0,204104.0
Indiana,Greene,204091.0,0.0,0.0,0.0,204091.0
Virginia,Caroline,189390.0,0.0,14387.0,0.0,203777.0
Puerto Rico,Catano,91263.0,0.0,40083.0,72091.33333333331,203437.3333333333
Maryland,Montgomery,203187.0,0.0,0.0,0.0,203187.0
Kentucky,Boone,203049.0,0.0,0.0,0.0,203049.0
North Carolina,Martin,194930.0,0.0,0.0,7829.0,202759.0
Indiana,Shelby,201966.0,0.0,0.0,0.0,201966.0
Indiana,Boone,201672.0,0.0,0.0,0.0,201672.0
Kentucky,Carter,201469.0,0.0,0.0,0.0,201469.0
Alabama,Elmore,201275.0,0.0,0.0,0.0,201275.0
Wyoming,Laramie,154605.5,3148.0,40652.5,2628.0,201034.0
New Jersey,Passaic,200762.0,0.0,0.0,0.0,200762.0
Arizona,La Paz,196541.0,1066.0,2197.0,661.0,200465.0
Texas,McLennan,163862.0,6502.0,25934.0,3076.0,199374.0
West Virginia,Greenbrier,198747.0,0.0,0.0,0.0,198747.0
Georgia,Clarke,198620.0,0.0,0.0,0.0,198620.0
Tennessee,McMinn,9403.0,0.0,91724.0,97101.0,198228.0
Ohio,Wood,198023.0,0.0,0.0,0.0,198023.0
Michigan,Berrien,197913.0,0.0,0.0,0.0,197913.0
Indiana,Hamilton,197815.0,0.0,0.0,0.0,197815.0
Mississippi,Lauderdale,197517.0,0.0,0.0,0.0,197517.0
Virginia,Stafford,197157.0,0.0,0.0,0.0,197157.0
New York,Schenectady,131749.0,28600.0,0.0,36754.0,197103.0
North Carolina,Lenoir,197000.0,0.0,0.0,0.0,197000.0
South Carolina,Abbeville,196732.0,0.0,0.0,0.0,196732.0
New York,Wayne,196731.0,0.0,0.0,0.0,196731.0
Kentucky,Perry,196355.0,0.0,0.0,0.0,196355.0
Virginia,Suffolk City,196298.5,0.0,0.0,0.0,196298.5
Virginia,Hanover,196284.0,0.0,0.0,0.0,196284.0
Oklahoma,Sequoyah,149131.0,0.0,47110.0,0.0,196241.0
New York,Madison,172615.0,0.0,0.0,23076.0,195691.0
Iowa,Van Buren,179790.0,0.0,8002.0,7511.5,195303.5
Texas,Randall,194983.0,0.0,0.0,0.0,194983.0
Nebraska,Lancaster,149432.0,43090.0,0.0,2030.0,194552.0
Michigan,Allegan,194427.0,0.0,0.0,0.0,194427.0
Virginia,Wythe,194323.0,0.0,0.0,0.0,194323.0
Georgia,Coweta,193865.0,0.0,0.0,0.0,193865.0
Georgia,Glynn,184586.0,0.0,0.0,8214.0,192800.0
Mississippi,Hancock,174712.0,0.0,18031.0,0.0,192743.0
Kentucky,Pike,188983.0,0.0,0.0,3691.0,192674.0
North Carolina,Buncombe,191035.0,0.0,0.0,1289.0,192324.0
Virginia,Chesterfield,192172.0,0.0,0.0,0.0,192172.0
Illinois,Effingham,191823.0,0.0,0.0,0.0,191823.0
Rhode Island,Kent,183968.0,0.0,6885.0,0.0,190853.0
Oregon,Jackson,129923.0,60876.833333333336,0.0,0.0,190799.83333333334
Alaska,Fairbanks North Star ,50566.0,56786.99999999999,36524.0,46491.0,190368.0
Connecticut,Middlesex,189982.0,0.0,0.0,0.0,189982.0
Iowa,Harrison,189390.25,0.0,0.0,0.0,189390.25
Rhode Island,Washington,189234.0,0.0,0.0,0.0,189234.0
New York,Steuben,169380.0,6030.0,4974.0,8646.0,189030.0
New York,Oswego,188130.0,0.0,0.0,0.0,188130.0
North Carolina,Davie,182002.0,0.0,0.0,5820.0,187822.0
Wisconsin,Dane,181409.0,4128.0,0.0,2096.0,187633.0
Ohio,Belmont,0.0,3013.0,21189.0,163292.0,187494.0
Kentucky,Kenton,121185.0,1583.0,53970.0,10728.0,187466.0
Colorado,Park,185994.0,0.0,1338.0,0.0,187332.0
Tennessee,Loudon,187314.0,0.0,0.0,0.0,187314.0
Michigan,Oakland,173224.0,14008.0,0.0,0.0,187232.0
Virginia,Frederick,187072.0,0.0,0.0,0.0,187072.0
Indiana,Posey,186971.0,0.0,0.0,0.0,186971.0
Ohio,Portage,186729.0,0.0,0.0,0.0,186729.0
New Jersey,Warren,95567.0,0.0,73509.0,17635.0,186711.0
Michigan,Ottawa,178009.0,0.0,2294.0,5889.0,186192.0
Michigan,Cass,186170.0,0.0,0.0,0.0,186170.0
Indiana,Madison,185741.0,0.0,0.0,0.0,185741.0
Texas,Polk,185509.5,0.0,0.0,0.0,185509.5
Indiana,Jackson,185490.0,0.0,0.0,0.0,185490.0
West Virginia,Berkeley,184446.0,0.0,0.0,0.0,184446.0
New York,Nassau,0.0,1667.0,123758.0,58949.0,184374.0
Indiana,Pike,0.0,0.0,0.0,183233.0,183233.0
Michigan,Muskegon,182554.0,0.0,0.0,0.0,182554.0
Tennessee,Bradley,0.0,0.0,84118.0,98277.0,182395.0
North Carolina,Jackson,182307.0,0.0,0.0,0.0,182307.0
Alabama,Etowah,182271.0,0.0,0.0,0.0,182271.0
Idaho,Bannock,0.0,0.0,0.0,182081.0,182081.0
Michigan,Lenawee,181724.0,0.0,0.0,0.0,181724.0
Wisconsin,Ozaukee,176092.5,0.0,4975.0,0.0,181067.5
West Virginia,Wayne,0.0,0.0,30447.0,150307.33333333343,180754.33333333343
Wisconsin,Walworth,180531.0,0.0,0.0,0.0,180531.0
Connecticut,Tolland,175376.0,0.0,5007.0,0.0,180383.0
Wisconsin,Rock,179118.0,0.0,0.0,0.0,179118.0
New Mexico,Grant,147151.0,0.0,0.0,31722.0,178873.0
Michigan,Kalamazoo,178572.0,0.0,0.0,0.0,178572.0
Wisconsin,Ashland,178437.0,0.0,0.0,0.0,178437.0
Wisconsin,Racine,167368.0,10187.0,0.0,0.0,177555.0
Wisconsin,Manitowoc,170853.0,0.0,5884.0,0.0,176737.0
Minnesota,Washington,150996.5,0.0,0.0,25393.0,176389.5
Illinois,Wabash,0.0,0.0,0.0,175828.0,175828.0
Iowa,Bremer,175752.0,0.0,0.0,0.0,175752.0
Alabama,Tuscaloosa,175226.0,0.0,0.0,420.0,175646.0
Wisconsin,Columbia,175213.0,0.0,0.0,0.0,175213.0
Oklahoma,Osage,86880.0,0.0,0.0,88002.0,174882.0
Wisconsin,Jefferson,174729.0,0.0,0.0,0.0,174729.0
Maryland,Calvert,174643.0,0.0,0.0,0.0,174643.0
North Carolina,Graham,174531.0,0.0,0.0,0.0,174531.0
Wisconsin,Kewaunee,174435.0,0.0,0.0,0.0,174435.0
Kansas,Shawnee,173997.0,0.0,0.0,0.0,173997.0
Connecticut,New London,173985.0,0.0,0.0,0.0,173985.0
Indiana,Delaware,173683.0,0.0,0.0,0.0,173683.0
Wisconsin,Outagamie,164084.0,0.0,0.0,9531.0,173615.0
Virginia,Rockbridge,173536.0,0.0,0.0,0.0,173536.0
Ohio,Morgan,0.0,0.0,0.0,173470.0,173470.0
Virginia,Fauquier,172957.0,0.0,0.0,0.0,172957.0
North Carolina,Franklin,172847.0,0.0,0.0,0.0,172847.0
New York,Rensselaer,155646.0,0.0,0.0,16799.0,172445.0
Indiana,Carroll,172415.0,0.0,0.0,0.0,172415.0
Indiana,Huntington,172261.0,0.0,0.0,0.0,172261.0
Maine,Kennebec,152622.0,0.0,15850.0,3140.0,171612.0
Kansas,Riley,171542.0,0.0,0.0,0.0,171542.0
Illinois,Clark,171314.0,0.0,0.0,0.0,171314.0
Indiana,Elkhart,170701.0,0.0,0.0,0.0,170701.0
Michigan,Benzie,170625.0,0.0,0.0,0.0,170625.0
Wisconsin,Fond du Lac,170461.0,0.0,0.0,0.0,170461.0
Michigan,Mason,170013.0,0.0,0.0,0.0,170013.0
Alabama,Russell,169667.0,0.0,0.0,0.0,169667.0
Wisconsin,Door,169392.0,0.0,0.0,0.0,169392.0
Indiana,Johnson,169390.0,0.0,0.0,0.0,169390.0
Maine,Washington,169257.5,0.0,0.0,0.0,169257.5
Michigan,Clinton,167801.0,0.0,0.0,0.0,167801.0
New Mexico,Luna,124994.0,0.0,42403.0,0.0,167397.0
Missouri,Perry,167101.0,0.0,0.0,0.0,167101.0
Iowa,Palo Alto,166644.0,0.0,0.0,0.0,166644.0
Missouri,Clinton,166173.0,0.0,0.0,0.0,166173.0
Montana,Rosebud,121396.0,0.0,24493.316666666637,19538.88333333332,165428.19999999998
Alabama,Sumter,164186.0,0.0,0.0,374.0,164560.0
Utah,Carbon,143740.0,0.0,20728.0,0.0,164468.0
Georgia,Chattooga,163808.0,0.0,0.0,0.0,163808.0
Massachusetts,Dukes,163719.0,0.0,0.0,0.0,163719.0
Tennessee,Rutherford,163357.0,0.0,0.0,0.0,163357.0
Wisconsin,Waukesha,157446.0,5643.0,0.0,0.0,163089.0
Nebraska,Knox,162480.0,0.0,0.0,0.0,162480.0
Wisconsin,Marathon,162262.0,0.0,0.0,0.0,162262.0
Michigan,Huron,161034.0,0.0,0.0,0.0,161034.0
Virginia,Page,160722.0,0.0,0.0,0.0,160722.0
Louisiana,St. Tammany,160260.0,0.0,0.0,0.0,160260.0
Utah,Tooele,151009.0,0.0,9243.0,0.0,160252.0
Michigan,Schoolcraft,159062.0,378.0,0.0,571.0,160011.0
North Carolina,Chatham,154069.0,0.0,0.0,5670.0,159739.0
Illinois,Tazewell,0.0,0.0,0.0,159486.0,159486.0
Wisconsin,Vilas,157178.0,0.0,0.0,1452.0,158630.0
Ohio,Crawford,158245.0,0.0,0.0,0.0,158245.0
South Dakota,Meade,157408.0,0.0,0.0,0.0,157408.0
Missouri,Lincoln,156366.5,0.0,0.0,0.0,156366.5
South Dakota,Union,129600.0,2546.0,21728.0,2330.0,156204.0
North Dakota,Williams,78232.0,0.0,0.0,77213.99999999999,155446.0
Pennsylvania,Monroe,154365.0,0.0,0.0,0.0,154365.0
Georgia,Columbia,154189.0,0.0,0.0,0.0,154189.0
Nevada,Churchill,153885.0,0.0,0.0,0.0,153885.0
Minnesota,Stearns,121463.0,31210.0,0.0,0.0,152673.0
Indiana,Daviess,0.0,0.0,0.0,152519.0,152519.0
Montana,Missoula,103599.0,33977.0,14915.0,0.0,152491.0
Minnesota,Scott,151685.0,0.0,0.0,0.0,151685.0
Indiana,Hancock,149699.0,0.0,0.0,0.0,149699.0
South Carolina,Barnwell,118414.0,0.0,14594.0,16008.0,149016.0
Puerto Rico,San Juan,0.0,127257.66666666667,20123.0,1102.0,148482.6666666667
Maine,Knox,148409.0,0.0,0.0,0.0,148409.0
Maine,Oxford,133270.0,0.0,0.0,13812.0,147082.0
Oregon,Clackamas,146561.5,0.0,0.0,0.0,146561.5
Montana,Richland,133780.0,0.0,8627.0,3949.0,146356.0
Colorado,Clear Creek,145549.0,0.0,0.0,0.0,145549.0
Iowa,Montgomery,144786.5,0.0,0.0,0.0,144786.5
South Dakota,Brookings,143916.0,0.0,0.0,0.0,143916.0
Oklahoma,Jefferson,143211.0,0.0,0.0,0.0,143211.0
Minnesota,Mille Lacs,139492.0,0.0,0.0,0.0,139492.0
Washington,Clark,98470.0,40499.5,0.0,0.0,138969.5
Iowa,Warren,138953.0,0.0,0.0,0.0,138953.0
New York,Rockland,138802.0,0.0,0.0,0.0,138802.0
Wyoming,Big Horn,135098.0,0.0,3684.0,0.0,138782.0
Minnesota,Lake,137317.0,0.0,516.0,120.0,137953.0
Alabama,Houston,137873.0,0.0,0.0,0.0,137873.0
Montana,Lewis and Clark,114737.0,4136.0,0.0,18454.5,137327.5
Florida,Okaloosa,136703.0,0.0,0.0,0.0,136703.0
Oregon,Washington,91652.0,8235.0,36737.0,0.0,136624.0
Nevada,Douglas,75342.0,61217.0,0.0,0.0,136559.0
Oregon,Marion,111643.0,24033.0,0.0,0.0,135676.0
Massachusetts,Berkshire,135565.0,0.0,0.0,0.0,135565.0
New Hampshire,Belknap,135479.0,0.0,0.0,0.0,135479.0
Nevada,Lyon,134980.0,0.0,0.0,0.0,134980.0
Wyoming,Converse,97464.5,208.0,34361.50000000001,2118.0,134152.0
Wyoming,Weston,116751.0,0.0,4630.0,12331.0,133712.0
Mississippi,Adams,133374.0,0.0,0.0,0.0,133374.0
Minnesota,Carlton,120408.0,0.0,7786.0,4699.0,132893.0
Minnesota,Goodhue,131655.0,0.0,861.0,0.0,132516.0
Iowa,Story,132305.5,0.0,0.0,0.0,132305.5
Oklahoma,Carter,132145.0,0.0,0.0,0.0,132145.0
Minnesota,Olmsted,131377.0,0.0,0.0,682.0,132059.0
Montana,Powder River,121598.0,0.0,9244.0,0.0,130842.0
New York,Oneida,129839.0,0.0,0.0,0.0,129839.0
Ohio,Columbiana,0.0,0.0,0.0,128958.0,128958.0
Minnesota,Wright,128241.0,0.0,0.0,0.0,128241.0
Florida,Nassau,0.0,0.0,0.0,124435.0,124435.0
Oklahoma,Love,123239.0,0.0,0.0,0.0,123239.0
New York,Franklin,86568.0,0.0,21164.0,14602.0,122334.0
Georgia,Fayette,120064.0,0.0,0.0,0.0,120064.0
Maine,Androscoggin,106604.0,0.0,0.0,12850.0,119454.0
Ohio,Tuscarawas,0.0,0.0,0.0,118392.0,118392.0
Oklahoma,Caddo,118005.0,0.0,0.0,0.0,118005.0
Michigan,Manistee,116598.0,0.0,0.0,0.0,116598.0
Pennsylvania,Lebanon,116581.0,0.0,0.0,0.0,116581.0
Colorado,Pitkin,115489.0,0.0,0.0,0.0,115489.0
Minnesota,Crow Wing,113956.0,0.0,0.0,0.0,113956.0
Ohio,Meigs,0.0,0.0,0.0,113954.0,113954.0
Missouri,Platte,66756.0,0.0,33626.0,13293.0,113675.0
Ohio,Scioto,0.0,0.0,0.0,112732.0,112732.0
Washington,Thurston,101742.0,10493.0,0.0,0.0,112235.0
Idaho,Caribou,0.0,0.0,0.0,112094.5,112094.5
Minnesota,Lyon,111537.0,0.0,0.0,0.0,111537.0
Ohio,Adams,0.0,0.0,0.0,108474.0,108474.0
Oklahoma,Muskogee,8369.0,0.0,21246.0,78580.0,108195.0
Tennessee,Montgomery,35111.0,0.0,9779.0,63198.83333333334,108088.83333333334
Missouri,Jasper,107370.5,0.0,0.0,0.0,107370.5
Wisconsin,St. Croix,107066.0,0.0,0.0,0.0,107066.0
Minnesota,Becker,106651.0,0.0,0.0,0.0,106651.0
New Mexico,Rio Arriba,106136.0,0.0,0.0,0.0,106136.0
Indiana,Wayne,0.0,0.0,0.0,105611.0,105611.0
Wisconsin,La Crosse,105257.0,0.0,0.0,0.0,105257.0
Ohio,Athens,57074.0,1813.0,16024.0,29869.0,104780.0
South Carolina,Union,104402.0,0.0,0.0,0.0,104402.0
Maine,Sagadahoc,104062.5,0.0,0.0,0.0,104062.5
Indiana,Dearborn,0.0,0.0,0.0,103954.0,103954.0
Indiana,Fountain,0.0,0.0,0.0,103245.0,103245.0
Missouri,Andrew,102987.5,0.0,0.0,0.0,102987.5
Wyoming,Sheridan,97662.0,0.0,5182.0,117.0,102961.0
Oregon,Umatilla,94162.0,0.0,7083.0,1269.0,102514.0
South Carolina,Chester,102054.0,0.0,0.0,0.0,102054.0
Colorado,Moffat,101760.0,0.0,0.0,0.0,101760.0
Virginia,Albemarle,101591.0,0.0,0.0,0.0,101591.0
Iowa,Muscatine,0.0,0.0,0.0,101013.99999999866,101013.99999999866
Florida,Martin,100330.0,0.0,0.0,0.0,100330.0
South Dakota,Pennington,50359.0,0.0,47701.0,1889.0,99949.0
Tennessee,Lawrence,99893.0,0.0,0.0,0.0,99893.0
Montana,Fergus,92514.0,0.0,7010.0,0.0,99524.0
North Dakota,Morton,0.0,0.0,0.0,99399.0,99399.0
Washington,Whatcom,80701.0,0.0,0.0,18326.5,99027.5
Missouri,Callaway,98726.0,0.0,0.0,0.0,98726.0
Florida,Flagler,98152.0,0.0,0.0,0.0,98152.0
Missouri,Boone,98047.0,0.0,0.0,0.0,98047.0
Utah,Garfield,97946.0,0.0,0.0,0.0,97946.0
Oklahoma,Cotton,97946.0,0.0,0.0,0.0,97946.0
Alabama,Lawrence,97270.0,0.0,0.0,522.0,97792.0
Alabama,Clay,96653.0,0.0,0.0,0.0,96653.0
Tennessee,Haywood,83792.0,4026.0,4586.0,2560.0,94964.0
Wisconsin,Vernon,93641.0,0.0,0.0,0.0,93641.0
South Carolina,Lexington,0.0,0.0,0.0,92662.0,92662.0
Wisconsin,Washington,91547.0,0.0,0.0,0.0,91547.0
Oregon,Columbia,90980.0,0.0,0.0,0.0,90980.0
Pennsylvania,Bradford,75183.0,0.0,14179.0,0.0,89362.0
Missouri,Iron,0.0,0.0,0.0,89182.33333333334,89182.33333333334
Idaho,Canyon,42719.0,46220.0,0.0,0.0,88939.0
Louisiana,St. Mary,87914.0,0.0,0.0,0.0,87914.0
Montana,Phillips,82696.0,0.0,4980.0,0.0,87676.0
Louisiana,Beauregard,86870.0,0.0,126.0,0.0,86996.0
Louisiana,Grant,86397.0,0.0,0.0,0.0,86397.0
Texas,Hays,77868.0,0.0,8524.0,0.0,86392.0
Puerto Rico,Bayamon,13552.0,27958.0,0.0,44652.5,86162.5
Kansas,Neosho,70656.0,0.0,11802.0,3006.0,85464.0
California,Plumas,84566.0,0.0,0.0,0.0,84566.0
Minnesota,Ramsey,0.0,47297.49999999999,30792.0,6208.0,84297.5
Georgia,Floyd,0.0,0.0,0.0,83776.0,83776.0
Montana,Cascade,0.0,36663.0,0.0,46266.0,82929.0
Tennessee,Putnam,77804.0,0.0,1696.0,2446.0,81946.0
Wisconsin,Florence,81910.0,0.0,0.0,0.0,81910.0
South Carolina,Williamsburg,81731.0,0.0,0.0,0.0,81731.0
Colorado,San Miguel,79298.0,0.0,0.0,0.0,79298.0
Indiana,Spencer,0.0,0.0,9017.0,69585.0,78602.0
Oklahoma,Lincoln,77398.0,0.0,0.0,0.0,77398.0
New Jersey,Burlington,0.0,33053.0,0.0,44083.0,77136.0
Indiana,Bartholomew,62988.0,0.0,7879.0,4806.0,75673.0
Kentucky,McLean,75623.0,0.0,0.0,0.0,75623.0
Alaska,Anchorage ,18179.0,57313.24999999996,0.0,0.0,75492.24999999997
New Hampshire,Sullivan,65645.0,0.0,0.0,9412.0,75057.0
Indiana,Jasper,0.0,0.0,0.0,74436.0,74436.0
Colorado,Chaffee,74194.0,0.0,0.0,0.0,74194.0
Wisconsin,Eau Claire,73966.0,0.0,0.0,0.0,73966.0
Alabama,Jackson,14989.0,0.0,3613.0,54301.0,72903.0
Missouri,Taney,72222.0,0.0,0.0,0.0,72222.0
Massachusetts,Plymouth,69987.0,0.0,0.0,0.0,69987.0
Pennsylvania,Schuylkill,0.0,11242.0,0.0,58015.0,69257.0
North Carolina,Lee,64808.0,0.0,3397.0,415.0,68620.0
Puerto Rico,Juncos,56799.0,0.0,0.0,9898.0,66697.0
Oregon,Deschutes,44535.0,21288.0,0.0,0.0,65823.0
Massachusetts,Franklin,65784.0,0.0,0.0,0.0,65784.0
Tennessee,Hawkins,0.0,0.0,0.0,64843.0,64843.0
Colorado,Jackson,60439.0,1064.0,2770.0,21.0,64294.0
Tennessee,Hamblen,36402.0,0.0,8125.0,18849.0,63376.0
Idaho,Elmore,47280.0,0.0,15549.0,0.0,62829.0
Idaho,Kootenai,45466.0,0.0,16541.0,0.0,62007.0
Arkansas,Montgomery,59654.0,0.0,0.0,0.0,59654.0
Mississippi,Madison,58717.0,0.0,0.0,0.0,58717.0
Ohio,Gallia,0.0,0.0,0.0,58662.666666666664,58662.666666666664
Kentucky,Graves,58551.0,0.0,0.0,0.0,58551.0
Maryland,Howard,0.0,7101.0,50905.0,0.0,58006.0
South Carolina,Horry,57106.0,0.0,0.0,0.0,57106.0
Michigan,Chippewa,55341.0,0.0,0.0,0.0,55341.0
North Carolina,Beaufort,0.0,0.0,0.0,54900.0,54900.0
Tennessee,Humphreys,15735.0,0.0,3174.0,34587.0,53496.0
Florida,Putnam,0.0,0.0,0.0,52785.0,52785.0
Puerto Rico,Salinas,0.0,0.0,2169.0,50320.5,52489.5
Kansas,Douglas,52230.0,0.0,0.0,0.0,52230.0
North Carolina,Northampton,47243.0,0.0,136.0,4282.0,51661.0
Montana,Gallatin,0.0,29494.0,22039.0,0.0,51533.0
Louisiana,St. Martin,51518.0,0.0,0.0,0.0,51518.0
Kansas,Montgomery,0.0,0.0,0.0,51384.0,51384.0
Indiana,Sullivan,0.0,0.0,0.0,51237.0,51237.0
California,Mono,47030.0,3990.0,0.0,0.0,51020.0
Indiana,Jefferson,0.0,0.0,0.0,50427.0,50427.0
Mississippi,Warren,49052.0,0.0,0.0,0.0,49052.0
Michigan,Leelanau,48426.0,0.0,0.0,0.0,48426.0
North Carolina,Randolph,48291.0,0.0,0.0,0.0,48291.0
Indiana,Brown,48263.0,0.0,0.0,0.0,48263.0
Arkansas,Union,0.0,0.0,0.0,48178.0,48178.0
Tennessee,Roane,16578.0,0.0,6234.0,24424.0,47236.0
Washington,Snohomish,0.0,47157.0,0.0,0.0,47157.0
Kentucky,Scott,46107.0,0.0,0.0,0.0,46107.0
North Carolina,Duplin,45311.0,0.0,0.0,0.0,45311.0
Texas,Hutchinson,0.0,0.0,0.0,45096.0,45096.0
Alaska,Matanuska-Susitna ,44430.0,0.0,0.0,0.0,44430.0
Florida,Hamilton,0.0,0.0,0.0,44065.0,44065.0
Country Of Mexico,SONORA,36104.0,7498.0,0.0,0.0,43602.0
Washington,Klickitat,43261.0,0.0,0.0,0.0,43261.0
Oklahoma,Bryan,43187.0,0.0,0.0,0.0,43187.0
Illinois,La Salle,0.0,0.0,0.0,41933.0,41933.0
Utah,Daggett,41642.0,0.0,0.0,0.0,41642.0
Kentucky,Ohio,23027.0,0.0,0.0,17956.0,40983.0
New York,Kings,0.0,40228.0,0.0,51.0,40279.0
North Carolina,Camden,40146.0,0.0,0.0,0.0,40146.0
Colorado,Montrose,39441.0,0.0,0.0,0.0,39441.0
Tennessee,Polk,0.0,0.0,0.0,39354.0,39354.0
Wisconsin,Green,39248.0,0.0,0.0,0.0,39248.0
Montana,Silver Bow,0.0,38403.0,0.0,0.0,38403.0
Oklahoma,Johnston,38382.0,0.0,0.0,0.0,38382.0
Oklahoma,Marshall,38356.0,0.0,0.0,0.0,38356.0
Oklahoma,McCurtain,37260.0,0.0,0.0,0.0,37260.0
Utah,Iron,28385.0,0.0,8004.0,0.0,36389.0
Tennessee,Obion,31595.0,0.0,2762.0,1773.0,36130.0
Colorado,Archuleta,30680.0,0.0,4138.0,624.0,35442.0
Canada,New Brunswick,35118.0,0.0,0.0,0.0,35118.0
Wisconsin,Winnebago,34981.0,0.0,0.0,0.0,34981.0
Idaho,Idaho,34943.0,0.0,0.0,0.0,34943.0
North Dakota,Ward,27526.0,0.0,4439.0,2270.0,34235.0
Canada,Saskatchewan,0.0,0.0,16966.0,16664.0,33630.0
Wyoming,Crook,33432.0,0.0,0.0,0.0,33432.0
Georgia,Cherokee,33332.0,0.0,0.0,0.0,33332.0
Maine,MOBILE MONITORS,33196.0,0.0,0.0,0.0,33196.0
Virginia,Roanoke City,0.0,33008.0,0.0,0.0,33008.0
Hawaii,Kauai,0.0,2982.0,19493.0,10246.0,32721.0
New Hampshire,Strafford,32565.0,0.0,0.0,0.0,32565.0
Virgin Islands,St Croix,0.0,0.0,0.0,32170.083333333547,32170.083333333547
Alabama,Talladega,31778.0,0.0,0.0,0.0,31778.0
Virgin Islands,St John,31724.0,0.0,0.0,0.0,31724.0
Maryland,Worcester,31558.0,0.0,0.0,0.0,31558.0
Georgia,Fannin,0.0,0.0,0.0,31154.0,31154.0
Washington,Benton,29699.0,0.0,0.0,0.0,29699.0
Kentucky,Muhlenberg,18288.0,0.0,5194.0,5093.0,28575.0
Oklahoma,Choctaw,28298.0,0.0,0.0,0.0,28298.0
Nevada,Elko,27893.0,0.0,0.0,0.0,27893.0
Oregon,Josephine,0.0,27738.0,0.0,0.0,27738.0
Georgia,Bartow,0.0,0.0,0.0,27433.0,27433.0
Colorado,Teller,26138.0,0.0,0.0,0.0,26138.0
Texas,Marion,21562.0,0.0,4529.0,0.0,26091.0
Montana,Jefferson,0.0,0.0,0.0,25463.5,25463.5
Washington,Lewis,24897.0,0.0,0.0,0.0,24897.0
Puerto Rico,Guaynabo,0.0,8060.0,16788.0,0.0,24848.0
Colorado,Grand,24808.0,0.0,0.0,0.0,24808.0
Oklahoma,Washington,24148.0,0.0,0.0,0.0,24148.0
Mississippi,Alcorn,18873.0,0.0,3710.0,1534.0,24117.0
Alabama,Limestone,17098.0,0.0,4382.0,2432.0,23912.0
Nebraska,Scotts Bluff,23482.0,0.0,0.0,0.0,23482.0
South Carolina,Orangeburg,10058.0,0.0,7216.0,5858.0,23132.0
Oklahoma,Nowata,23031.0,0.0,0.0,0.0,23031.0
South Carolina,Georgetown,0.0,0.0,0.0,22849.0,22849.0
Puerto Rico,Barceloneta,0.0,0.0,0.0,22780.0,22780.0
Washington,Yakima,0.0,22639.0,0.0,0.0,22639.0
New Hampshire,Carroll,22631.0,0.0,0.0,0.0,22631.0
Indiana,Howard,21338.0,0.0,0.0,0.0,21338.0
Texas,Howard,0.0,0.0,0.0,19947.0,19947.0
Florida,Citrus,0.0,0.0,0.0,19690.0,19690.0
Tennessee,Coffee,14764.0,0.0,2455.0,2078.0,19297.0
Georgia,Baldwin,0.0,0.0,0.0,19004.0,19004.0
Puerto Rico,Guayama,0.0,0.0,0.0,18979.0,18979.0
Missouri,Pike,0.0,0.0,0.0,18900.5,18900.5
Oklahoma,Latimer,16925.0,0.0,1598.0,0.0,18523.0
Missouri,New Madrid,0.0,0.0,0.0,18174.166666666664,18174.166666666664
Mississippi,Marshall,14693.0,0.0,2211.0,1235.0,18139.0
Missouri,Buchanan,0.0,0.0,0.0,18049.0,18049.0
Wyoming,Goshen,14200.0,0.0,3237.0,51.0,17488.0
Pennsylvania,Fayette,15189.0,0.0,2187.0,0.0,17376.0
Maryland,Allegany,0.0,0.0,0.0,17293.0,17293.0
Wyoming,Johnson,16551.0,0.0,379.0,0.0,16930.0
Oregon,Klamath,0.0,16907.0,0.0,0.0,16907.0
Idaho,Cassia,16556.0,0.0,0.0,0.0,16556.0
Nebraska,Sioux,16543.0,0.0,0.0,0.0,16543.0
West Virginia,Mineral,0.0,0.0,0.0,16451.0,16451.0
Virginia,Newport News City,7964.0,1011.0,2855.0,4533.0,16363.0
Oregon,Wasco,15440.0,0.0,0.0,0.0,15440.0
Washington,Mason,15410.0,0.0,0.0,0.0,15410.0
New York,St. Lawrence,0.0,0.0,0.0,15311.0,15311.0
Puerto Rico,Guayanilla,0.0,0.0,0.0,15306.0,15306.0
Tennessee,Stewart,0.0,0.0,0.0,15250.0,15250.0
Puerto Rico,Ponce,0.0,14660.0,0.0,0.0,14660.0
Maine,Piscataquis,14636.0,0.0,0.0,0.0,14636.0
Colorado,Delta,12671.0,0.0,1652.0,0.0,14323.0
North Dakota,McLean,0.0,0.0,0.0,13501.0,13501.0
Wyoming,Park,11389.0,0.0,1993.0,25.0,13407.0
North Dakota,Steele,11843.0,0.0,1329.0,119.0,13291.0
Oklahoma,Garfield,0.0,0.0,7325.0,5424.0,12749.0
Texas,Potter,0.0,0.0,0.0,12680.5,12680.5
Idaho,Power,0.0,0.0,7302.0,5209.0,12511.0
Tennessee,Dyer,12459.0,0.0,0.0,0.0,12459.0
Alabama,Walker,11915.0,0.0,0.0,0.0,11915.0
Mississippi,Webster,11879.0,0.0,0.0,0.0,11879.0
Wisconsin,Wood,0.0,0.0,0.0,11841.0,11841.0
Montana,Glacier,11814.0,0.0,0.0,0.0,11814.0
Texas,Rusk,0.0,0.0,0.0,11315.0,11315.0
Idaho,Nez Perce,0.0,10864.0,0.0,0.0,10864.0
Arkansas,Van Buren,10790.0,0.0,0.0,0.0,10790.0
Indiana,Kosciusko,10518.0,0.0,0.0,0.0,10518.0
Canada,Ontario,3716.0,0.0,0.0,6541.0,10257.0
North Carolina,Brunswick,0.0,0.0,0.0,10072.0,10072.0
Indiana,Whitley,0.0,0.0,8311.0,1696.0,10007.0
Texas,Kleberg,9749.0,0.0,0.0,0.0,9749.0
Iowa,Cerro Gordo,0.0,0.0,0.0,9339.0,9339.0
Oklahoma,Pottawatomie,9249.0,0.0,0.0,0.0,9249.0
Kentucky,Larue,9079.0,0.0,0.0,0.0,9079.0
Michigan,Delta,0.0,0.0,0.0,9077.0,9077.0
Texas,Gillespie,8950.0,0.0,0.0,0.0,8950.0
Idaho,Boundary,0.0,2932.0,5745.0,0.0,8677.0
Puerto Rico,Caguas,0.0,2394.0,6068.0,0.0,8462.0
Kansas,Jefferson,8440.0,0.0,0.0,0.0,8440.0
West Virginia,Mason,0.0,0.0,0.0,7386.0,7386.0
Virginia,Covington City,0.0,0.0,0.0,7113.0,7113.0
Michigan,Monroe,0.0,0.0,0.0,6790.0,6790.0
Colorado,Morgan,6271.0,0.0,0.0,0.0,6271.0
Colorado,Pueblo,6199.0,0.0,0.0,0.0,6199.0
Colorado,Logan,5819.0,0.0,0.0,0.0,5819.0
Virginia,Virginia Beach City,0.0,1353.0,0.0,4358.0,5711.0
Iowa,Woodbury,0.0,0.0,0.0,5684.0,5684.0
Missouri,Franklin,0.0,0.0,0.0,5493.5,5493.5
Virginia,Botetourt,0.0,0.0,0.0,5252.0,5252.0
Tennessee,Dickson,2823.0,0.0,1037.0,1353.0,5213.0
Iowa,Pottawattamie,0.0,0.0,0.0,4398.0,4398.0
Missouri,Mercer,0.0,0.0,4082.0,0.0,4082.0
Illinois,Monroe,0.0,0.0,0.0,4073.0,4073.0
Oklahoma,Grady,0.0,0.0,3789.0,0.0,3789.0
Washington,Grant,0.0,0.0,3625.0,0.0,3625.0
Texas,Titus,0.0,0.0,0.0,3528.0,3528.0
Oregon,Linn,3528.0,0.0,0.0,0.0,3528.0
Minnesota,Pine,0.0,3162.0,0.0,0.0,3162.0
Georgia,Dougherty,0.0,0.0,0.0,2906.0,2906.0
Montana,Musselshell,0.0,0.0,1848.0,995.0,2843.0
South Dakota,Roberts,0.0,0.0,1731.0,1048.0,2779.0
Texas,Milam,0.0,0.0,0.0,1969.0,1969.0
North Dakota,Stutsman,0.0,0.0,0.0,1894.0,1894.0
North Carolina,Orange,0.0,1879.0,0.0,0.0,1879.0
Iowa,Lee,0.0,0.0,0.0,1587.0,1587.0
New York,Seneca,0.0,0.0,0.0,1570.0,1570.0
Texas,Robertson,0.0,0.0,0.0,1472.0,1472.0
Colorado,Gilpin,1348.0,0.0,0.0,0.0,1348.0
Texas,Freestone,0.0,0.0,0.0,1237.0,1237.0
New Mexico,Hidalgo,0.0,0.0,0.0,839.0,839.0
Oregon,Lincoln,0.0,0.0,0.0,728.0,728.0
Missouri,Sullivan,0.0,0.0,682.0,0.0,682.0
Montana,Big Horn,0.0,0.0,0.0,666.0,666.0
Ohio,Harrison,0.0,303.0,0.0,0.0,303.0
Puerto Rico,Mayagnez,104.0,0.0,0.0,0.0,104.0
Washington,Chelan,0.0,0.0,0.0,31.0,31.0
Minnesota,Koochiching,0.0,0.0,0.0,4.0,4.0
